date,Sales,Price Discount (%),In-Store Promo,Catalogue Promo,Store End Promo,Product_SKU1,Product_SKU2,Product_SKU3,Product_SKU4,Product_SKU5,Product_SKU6
2017-02-05,27750,0.0,0,0,0,1,0,0,0,0,0
2017-02-12,29023,0.0,1,0,1,1,0,0,0,0,0
2017-02-19,45630,0.17,0,0,0,1,0,0,0,0,0
2017-02-26,26789,0.0,1,0,1,1,0,0,0,0,0
2017-03-05,41999,0.17,0,0,0,1,0,0,0,0,0
2017-03-12,29731,0.0,0,0,0,1,0,0,0,0,0
2017-03-19,27365,0.0,1,0,0,1,0,0,0,0,0
2017-03-26,27722,0.0,1,0,1,1,0,0,0,0,0
2017-04-02,44339,0.17,1,0,0,1,0,0,0,0,0
2017-04-09,54655,0.17,1,0,0,1,0,0,0,0,0
2017-04-16,108159,0.44,0,0,0,1,0,0,0,0,0
2017-04-23,30361,0.0,1,0,1,1,0,0,0,0,0
2017-04-30,42154,0.17,1,0,1,1,0,0,0,0,0
2017-05-07,39782,0.17,0,0,0,1,0,0,0,0,0
2017-05-14,29490,0.0,0,0,0,1,0,0,0,0,0
2017-05-21,25936,0.0,0,0,0,1,0,0,0,0,0
2017-05-28,26045,0.0,0,0,0,1,0,0,0,0,0
2017-06-04,25903,0.0,1,0,1,1,0,0,0,0,0
2017-06-11,43689,0.17,0,0,0,1,0,0,0,0,0
2017-06-18,25446,0.0,1,0,1,1,0,0,0,0,0
2017-06-25,42543,0.17,0,0,0,1,0,0,0,0,0
2017-07-02,27001,0.0,1,0,1,1,0,0,0,0,0
2017-07-09,45198,0.17,0,0,0,1,0,0,0,0,0
2017-07-16,28650,0.0,1,0,1,1,0,0,0,0,0
2017-07-23,42032,0.17,0,0,0,1,0,0,0,0,0
2017-07-30,27657,0.0,0,0,0,1,0,0,0,0,0
2017-08-06,26888,0.0,1,0,1,1,0,0,0,0,0
2017-08-13,46260,0.17,0,0,0,1,0,0,0,0,0
2017-08-20,29415,0.0,1,0,1,1,0,0,0,0,0
2017-08-27,50471,0.17,1,0,1,1,0,0,0,0,0
2017-09-03,49531,0.17,0,0,0,1,0,0,0,0,0
2017-09-10,30874,0.0,0,1,1,1,0,0,0,0,0
2017-09-17,82940,0.44,0,0,0,1,0,0,0,0,0
2017-09-24,34481,0.0,1,0,1,1,0,0,0,0,0
2017-10-01,96610,0.44,0,0,0,1,0,0,0,0,0
2017-10-08,31898,0.0,0,0,0,1,0,0,0,0,0
2017-10-15,33967,0.0,0,0,0,1,0,0,0,0,0
2017-10-22,33429,0.0,0,0,0,1,0,0,0,0,0
2017-10-29,34918,0.0,1,0,0,1,0,0,0,0,0
2017-11-05,104775,0.44,1,0,0,1,0,0,0,0,0
2017-11-12,57417,0.17,1,0,0,1,0,0,0,0,0
2017-11-19,60631,0.17,1,0,0,1,0,0,0,0,0
2017-11-26,64904,0.17,1,0,0,1,0,0,0,0,0
2017-12-03,66333,0.17,1,0,0,1,0,0,0,0,0
2017-12-10,71917,0.17,1,0,0,1,0,0,0,0,0
2017-12-17,94633,0.17,1,0,0,1,0,0,0,0,0
2017-12-24,155253,0.17,1,0,0,1,0,0,0,0,0
2017-12-31,89706,0.17,0,0,0,1,0,0,0,0,0
2018-01-07,41941,0.0,0,0,0,1,0,0,0,0,0
2018-01-14,37845,0.0,0,0,0,1,0,0,0,0,0
2018-01-21,43324,0.06,1,0,1,1,0,0,0,0,0
2018-01-28,65691,0.17,0,0,0,1,0,0,0,0,0
2018-02-04,35016,0.0,0,0,0,1,0,0,0,0,0
2018-02-11,33604,0.0,1,0,1,1,0,0,0,0,0
2018-02-18,55216,0.17,0,0,0,1,0,0,0,0,0
2018-02-25,33908,0.0,1,0,1,1,0,0,0,0,0
2018-03-04,51305,0.17,0,1,0,1,0,0,0,0,0
2018-03-11,91870,0.44,1,0,0,1,0,0,0,0,0
2018-03-18,51438,0.17,1,0,0,1,0,0,0,0,0
2018-03-25,54925,0.17,1,0,0,1,0,0,0,0,0
2018-04-01,79050,0.17,0,0,0,1,0,0,0,0,0
2018-04-08,35136,0.0,0,0,0,1,0,0,0,0,0
2018-04-15,34800,0.0,1,0,1,1,0,0,0,0,0
2018-04-22,56351,0.17,0,0,0,1,0,0,0,0,0
2018-04-29,34225,0.0,1,0,1,1,0,0,0,0,0
2018-05-06,49036,0.17,1,0,1,1,0,0,0,0,0
2018-05-13,52964,0.17,0,0,0,1,0,0,0,0,0
2018-05-20,34526,0.0,0,0,0,1,0,0,0,0,0
2018-05-27,33308,0.0,1,0,1,1,0,0,0,0,0
2018-06-03,49314,0.17,0,1,1,1,0,0,0,0,0
2018-06-10,84075,0.44,0,0,0,1,0,0,0,0,0
2018-06-17,32223,0.0,0,0,0,1,0,0,0,0,0
2018-06-24,32463,0.0,1,0,1,1,0,0,0,0,0
2018-07-01,51818,0.17,0,0,0,1,0,0,0,0,0
2018-07-08,35597,0.0,0,0,0,1,0,0,0,0,0
2018-07-15,35354,0.0,0,0,0,1,0,0,0,0,0
2018-07-22,35191,0.0,0,0,0,1,0,0,0,0,0
2018-07-29,33057,0.0,0,0,0,1,0,0,0,0,0
2018-08-05,32373,0.0,0,0,0,1,0,0,0,0,0
2018-08-12,31850,0.0,0,0,0,1,0,0,0,0,0
2018-08-19,31772,0.0,0,0,0,1,0,0,0,0,0
2018-08-26,29976,0.0,1,0,0,1,0,0,0,0,0
2018-09-02,52126,0.17,1,0,0,1,0,0,0,0,0
2018-09-09,48279,0.17,0,1,0,1,0,0,0,0,0
2018-09-16,86576,0.44,1,0,0,1,0,0,0,0,0
2018-09-23,49548,0.17,1,0,0,1,0,0,0,0,0
2018-09-30,67966,0.17,0,0,0,1,0,0,0,0,0
2018-10-07,33433,0.0,0,0,0,1,0,0,0,0,0
2018-10-14,31482,0.0,0,0,0,1,0,0,0,0,0
2018-10-21,32196,0.0,0,0,0,1,0,0,0,0,0
2018-10-28,32717,0.0,0,1,1,1,0,0,0,0,0
2018-11-04,97972,0.44,1,0,1,1,0,0,0,0,0
2018-11-11,51495,0.17,1,0,1,1,0,0,0,0,0
2018-11-18,52048,0.17,0,1,1,1,0,0,0,0,0
2018-11-25,52532,0.17,1,0,1,1,0,0,0,0,0
2018-12-02,59037,0.17,0,1,1,1,0,0,0,0,0
2018-12-09,109917,0.44,0,1,1,1,0,0,0,0,0
2018-12-16,80431,0.28,0,1,1,1,0,0,0,0,0
2018-12-23,174994,0.28,1,0,1,1,0,0,0,0,0
2018-12-30,96211,0.28,0,0,0,1,0,0,0,0,0
2019-01-06,40420,0.0,0,0,0,1,0,0,0,0,0
2019-01-13,34603,0.0,1,0,1,1,0,0,0,0,0
2019-01-20,48759,0.17,1,0,1,1,0,0,0,0,0
2019-01-27,58215,0.17,0,0,0,1,0,0,0,0,0
2019-02-03,30561,0.0,0,0,0,1,0,0,0,0,0
2019-02-10,29867,0.0,1,0,1,1,0,0,0,0,0
2019-02-17,48001,0.17,0,0,0,1,0,0,0,0,0
2019-02-24,30016,0.0,0,0,0,1,0,0,0,0,0
2019-03-03,30502,0.0,0,0,0,1,0,0,0,0,0
2019-03-10,32103,0.0,0,0,0,1,0,0,0,0,0
2019-03-17,29664,0.0,0,0,0,1,0,0,0,0,0
2019-03-24,28997,0.0,1,0,0,1,0,0,0,0,0
2019-03-31,52930,0.17,1,0,0,1,0,0,0,0,0
2019-04-07,55859,0.17,1,0,0,1,0,0,0,0,0
2019-04-14,59375,0.17,0,1,0,1,0,0,0,0,0
2019-04-21,119393,0.44,0,0,0,1,0,0,0,0,0
2019-04-28,31741,0.0,1,0,1,1,0,0,0,0,0
2019-05-05,43820,0.17,1,0,1,1,0,0,0,0,0
2019-05-12,46628,0.17,0,0,0,1,0,0,0,0,0
2019-05-19,28457,0.0,1,0,1,1,0,0,0,0,0
2019-05-26,40402,0.17,0,0,0,1,0,0,0,0,0
2019-06-02,28521,0.0,0,1,0,1,0,0,0,0,0
2019-06-09,85108,0.44,1,0,1,1,0,0,0,0,0
2019-06-16,44596,0.17,0,0,0,1,0,0,0,0,0
2019-06-23,30099,0.0,1,0,1,1,0,0,0,0,0
2019-06-30,46193,0.17,0,0,0,1,0,0,0,0,0
2019-07-07,31093,0.0,0,0,0,1,0,0,0,0,0
2019-07-14,31099,0.0,0,0,0,1,0,0,0,0,0
2019-07-21,31866,0.0,0,0,0,1,0,0,0,0,0
2019-07-28,31386,0.0,0,0,0,1,0,0,0,0,0
2019-08-04,29985,0.0,0,0,0,1,0,0,0,0,0
2019-08-11,31628,0.0,0,0,0,1,0,0,0,0,0
2019-08-18,33665,0.0,0,0,0,1,0,0,0,0,0
2019-08-25,34550,0.0,0,0,0,1,0,0,0,0,0
2019-09-01,36320,0.0,1,0,0,1,0,0,0,0,0
2019-09-08,55431,0.17,1,0,0,1,0,0,0,0,0
2019-09-15,57446,0.17,0,1,0,1,0,0,0,0,0
2019-09-22,58872,0.17,1,0,0,1,0,0,0,0,0
2019-09-29,69480,0.17,0,1,0,1,0,0,0,0,0
2019-10-06,106885,0.44,0,0,0,1,0,0,0,0,0
2019-10-13,36072,0.0,0,0,0,1,0,0,0,0,0
2019-10-20,37454,0.0,0,0,0,1,0,0,0,0,0
2019-10-27,37663,0.0,1,0,1,1,0,0,0,0,0
2019-11-03,60365,0.17,1,0,0,1,0,0,0,0,0
2019-11-10,67770,0.17,1,0,0,1,0,0,0,0,0
2019-11-17,70327,0.17,1,0,0,1,0,0,0,0,0
2019-11-24,72587,0.17,1,0,0,1,0,0,0,0,0
2019-12-01,73956,0.17,0,1,0,1,0,0,0,0,0
2019-12-08,82558,0.17,1,0,0,1,0,0,0,0,0
2019-12-15,85762,0.17,0,1,0,1,0,0,0,0,0
2019-12-22,258874,0.44,0,1,1,1,0,0,0,0,0
2019-12-29,124261,0.44,0,1,1,1,0,0,0,0,0
2020-01-05,41141,0.13,1,0,0,1,0,0,0,0,0
2020-01-12,34303,0.04,1,0,0,1,0,0,0,0,0
2020-01-19,47058,0.17,1,0,0,1,0,0,0,0,0
2020-01-26,58185,0.17,0,0,0,1,0,0,0,0,0
2020-02-02,30020,0.01,0,0,0,1,0,0,0,0,0
2020-02-09,29239,0.01,1,0,1,1,0,0,0,0,0
2020-02-16,45572,0.17,0,0,0,1,0,0,0,0,0
2020-02-23,29275,0.01,0,0,0,1,0,0,0,0,0
2020-03-01,35684,0.01,0,0,0,1,0,0,0,0,0
2020-03-08,36955,0.01,0,0,0,1,0,0,0,0,0
2020-03-15,56886,0.01,0,0,0,1,0,0,0,0,0
2020-03-22,77842,0.0,0,0,0,1,0,0,0,0,0
2020-03-29,43707,0.01,0,0,0,1,0,0,0,0,0
2020-04-05,39473,0.01,0,1,0,1,0,0,0,0,0
2020-04-12,64685,0.17,0,0,0,1,0,0,0,0,0
2020-04-19,39290,0.02,1,0,1,1,0,0,0,0,0
2020-04-26,46829,0.17,0,0,0,1,0,0,0,0,0
2020-05-03,29536,0.01,0,0,0,1,0,0,0,0,0
2020-05-10,31836,0.01,0,0,0,1,0,0,0,0,0
2020-05-17,31406,0.01,0,0,0,1,0,0,0,0,0
2020-05-24,71971,0.45,0,0,0,1,0,0,0,0,0
2020-05-31,29177,0.03,0,0,0,1,0,0,0,0,0
2020-06-07,30877,0.01,0,0,0,1,0,0,0,0,0
2020-06-14,26244,0.01,0,0,0,1,0,0,0,0,0
2020-06-21,25445,0.01,0,0,0,1,0,0,0,0,0
2020-06-28,26410,0.01,0,0,0,1,0,0,0,0,0
2017-02-05,7180,0.25,1,0,0,0,1,0,0,0,0
2017-02-12,7080,0.25,0,0,0,0,1,0,0,0,0
2017-02-19,2753,0.0,0,0,0,0,1,0,0,0,0
2017-02-26,3062,0.0,1,0,0,0,1,0,0,0,0
2017-03-05,8342,0.25,0,0,0,0,1,0,0,0,0
2017-03-12,3124,0.0,0,1,0,0,1,0,0,0,0
2017-03-19,41915,0.5,0,0,0,0,1,0,0,0,0
2017-03-26,3226,0.03,1,0,0,0,1,0,0,0,0
2017-04-02,7618,0.25,0,0,0,0,1,0,0,0,0
2017-04-09,3084,0.03,0,0,0,0,1,0,0,0,0
2017-04-16,2463,0.0,1,0,0,0,1,0,0,0,0
2017-04-23,6547,0.25,0,1,0,0,1,0,0,0,0
2017-04-30,8290,0.25,0,0,0,0,1,0,0,0,0
2017-05-07,3390,0.0,0,0,0,0,1,0,0,0,0
2017-05-14,3450,0.0,0,1,0,0,1,0,0,0,0
2017-05-21,52122,0.5,1,0,0,0,1,0,0,0,0
2017-05-28,7256,0.28,0,0,0,0,1,0,0,0,0
2017-06-04,3081,0.0,0,1,1,0,1,0,0,0,0
2017-06-11,8604,0.25,0,0,0,0,1,0,0,0,0
2017-06-18,3232,0.0,0,1,0,0,1,0,0,0,0
2017-06-25,33566,0.5,0,0,0,0,1,0,0,0,0
2017-07-02,3232,0.05,0,0,0,0,1,0,0,0,0
2017-07-09,2560,0.0,1,0,0,0,1,0,0,0,0
2017-07-16,8489,0.25,0,0,0,0,1,0,0,0,0
2017-07-23,2990,0.0,0,1,0,0,1,0,0,0,0
2017-07-30,7956,0.25,0,0,0,0,1,0,0,0,0
2017-08-06,3071,0.0,0,0,0,0,1,0,0,0,0
2017-08-13,3098,0.0,0,0,0,0,1,0,0,0,0
2017-08-20,3078,0.0,1,0,0,0,1,0,0,0,0
2017-08-27,8376,0.25,0,0,0,0,1,0,0,0,0
2017-09-03,2626,0.0,0,0,0,0,1,0,0,0,0
2017-09-10,2617,0.0,0,0,0,0,1,0,0,0,0
2017-09-17,2572,0.0,1,0,0,0,1,0,0,0,0
2017-09-24,6877,0.25,0,0,0,0,1,0,0,0,0
2017-10-01,2242,0.0,1,0,0,0,1,0,0,0,0
2017-10-08,7041,0.25,0,0,0,0,1,0,0,0,0
2017-10-15,2523,0.03,1,0,0,0,1,0,0,0,0
2017-10-22,6905,0.25,0,1,1,0,1,0,0,0,0
2017-10-29,40527,0.5,0,0,0,0,1,0,0,0,0
2017-11-05,2636,0.03,1,0,0,0,1,0,0,0,0
2017-11-12,6184,0.25,0,0,0,0,1,0,0,0,0
2017-11-19,2521,0.0,0,0,0,0,1,0,0,0,0
2017-11-26,2380,0.0,1,0,0,0,1,0,0,0,0
2017-12-03,6270,0.25,1,0,0,0,1,0,0,0,0
2017-12-10,5278,0.25,0,0,0,0,1,0,0,0,0
2017-12-17,2007,0.03,0,0,0,0,1,0,0,0,0
2017-12-24,1453,0.0,1,0,0,0,1,0,0,0,0
2017-12-31,4940,0.25,0,0,0,0,1,0,0,0,0
2018-01-07,2156,0.03,0,0,0,0,1,0,0,0,0
2018-01-14,2305,0.03,0,1,0,0,1,0,0,0,0
2018-01-21,6406,0.25,0,0,0,0,1,0,0,0,0
2018-01-28,2267,0.0,0,0,0,0,1,0,0,0,0
2018-02-04,2583,0.0,0,1,1,0,1,0,0,0,0
2018-02-11,32549,0.5,1,0,0,0,1,0,0,0,0
2018-02-18,6613,0.28,0,0,0,0,1,0,0,0,0
2018-02-25,2620,0.0,0,0,0,0,1,0,0,0,0
2018-03-04,2805,0.0,0,0,0,0,1,0,0,0,0
2018-03-11,3069,0.0,1,0,0,0,1,0,0,0,0
2018-03-18,8464,0.25,0,0,0,0,1,0,0,0,0
2018-03-25,3318,0.0,0,0,0,0,1,0,0,0,0
2018-04-01,2651,0.0,0,1,0,0,1,0,0,0,0
2018-04-08,17970,0.5,1,0,0,0,1,0,0,0,0
2018-04-15,7697,0.25,0,0,0,0,1,0,0,0,0
2018-04-22,2867,0.0,0,1,0,0,1,0,0,0,0
2018-04-29,6534,0.25,0,0,0,0,1,0,0,0,0
2018-05-06,3679,0.03,0,1,0,0,1,0,0,0,0
2018-05-13,41316,0.5,1,0,0,0,1,0,0,0,0
2018-05-20,8430,0.28,0,1,0,0,1,0,0,0,0
2018-05-27,8539,0.25,0,1,1,0,1,0,0,0,0
2018-06-03,8834,0.25,0,0,0,0,1,0,0,0,0
2018-06-10,2930,0.0,0,0,0,0,1,0,0,0,0
2018-06-17,3420,0.0,0,1,1,0,1,0,0,0,0
2018-06-24,42002,0.5,1,0,0,0,1,0,0,0,0
2018-07-01,8320,0.25,0,0,0,0,1,0,0,0,0
2018-07-08,3387,0.0,1,0,0,0,1,0,0,0,0
2018-07-15,9878,0.25,0,0,0,0,1,0,0,0,0
2018-07-22,3468,0.0,1,0,0,0,1,0,0,0,0
2018-07-29,9613,0.25,0,0,0,0,1,0,0,0,0
2018-08-05,3901,0.0,1,0,0,0,1,0,0,0,0
2018-08-12,8664,0.25,0,0,0,0,1,0,0,0,0
2018-08-19,3395,0.0,1,0,0,0,1,0,0,0,0
2018-08-26,9024,0.25,0,0,0,0,1,0,0,0,0
2018-09-02,3725,0.03,0,0,0,0,1,0,0,0,0
2018-09-09,3139,0.03,0,0,0,0,1,0,0,0,0
2018-09-16,3126,0.0,1,0,0,0,1,0,0,0,0
2018-09-23,9301,0.25,0,0,0,0,1,0,0,0,0
2018-09-30,3053,0.03,0,1,0,0,1,0,0,0,0
2018-10-07,32900,0.5,1,0,0,0,1,0,0,0,0
2018-10-14,7386,0.25,0,0,0,0,1,0,0,0,0
2018-10-21,2990,0.0,0,0,0,0,1,0,0,0,0
2018-10-28,3269,0.0,0,0,0,0,1,0,0,0,0
2018-11-04,3304,0.0,0,0,0,0,1,0,0,0,0
2018-11-11,2825,0.0,1,0,0,0,1,0,0,0,0
2018-11-18,7680,0.25,0,0,0,0,1,0,0,0,0
2018-11-25,2747,0.03,0,0,0,0,1,0,0,0,0
2018-12-02,2781,0.0,1,0,0,0,1,0,0,0,0
2018-12-09,7022,0.25,0,0,0,0,1,0,0,0,0
2018-12-16,2609,0.0,0,0,0,0,1,0,0,0,0
2018-12-23,1976,0.03,0,0,0,0,1,0,0,0,0
2018-12-30,2027,0.0,0,0,0,0,1,0,0,0,0
2019-01-06,2642,0.0,0,0,0,0,1,0,0,0,0
2019-01-13,2808,0.0,0,1,0,0,1,0,0,0,0
2019-01-20,8978,0.25,1,0,0,0,1,0,0,0,0
2019-01-27,6950,0.25,0,0,0,0,1,0,0,0,0
2019-02-03,3019,0.0,0,0,0,0,1,0,0,0,0
2019-02-10,2837,0.0,0,0,0,0,1,0,0,0,0
2019-02-17,3055,0.0,0,1,0,0,1,0,0,0,0
2019-02-24,23327,0.5,1,0,0,0,1,0,0,0,0
2019-03-03,7084,0.25,1,0,0,0,1,0,0,0,0
2019-03-10,6714,0.25,0,0,0,0,1,0,0,0,0
2019-03-17,2744,0.0,0,0,0,0,1,0,0,0,0
2019-03-24,2900,0.0,0,1,0,0,1,0,0,0,0
2019-03-31,7817,0.25,0,0,0,0,1,0,0,0,0
2019-04-07,2749,0.03,1,0,0,0,1,0,0,0,0
2019-04-14,10895,0.25,0,0,0,0,1,0,0,0,0
2019-04-21,2178,0.0,1,0,0,0,1,0,0,0,0
2019-04-28,6349,0.25,0,0,0,0,1,0,0,0,0
2019-05-05,2628,0.0,0,1,0,0,1,0,0,0,0
2019-05-12,36674,0.5,1,0,0,0,1,0,0,0,0
2019-05-19,6838,0.28,0,0,0,0,1,0,0,0,0
2019-05-26,2598,0.0,0,1,0,0,1,0,0,0,0
2019-06-02,6743,0.25,0,0,0,0,1,0,0,0,0
2019-06-09,2423,0.0,0,0,0,0,1,0,0,0,0
2019-06-16,2779,0.0,0,1,0,0,1,0,0,0,0
2019-06-23,37065,0.5,1,0,0,0,1,0,0,0,0
2019-06-30,5908,0.28,0,0,0,0,1,0,0,0,0
2019-07-07,2349,0.0,0,0,0,0,1,0,0,0,0
2019-07-14,2569,0.0,1,0,0,0,1,0,0,0,0
2019-07-21,7718,0.25,0,0,0,0,1,0,0,0,0
2019-07-28,2867,0.0,1,0,0,0,1,0,0,0,0
2019-08-04,8486,0.25,0,0,0,0,1,0,0,0,0
2019-08-11,3004,0.0,1,0,1,0,1,0,0,0,0
2019-08-18,9897,0.25,0,0,0,0,1,0,0,0,0
2019-08-25,2580,0.0,0,0,0,0,1,0,0,0,0
2019-09-01,2743,0.0,1,0,0,0,1,0,0,0,0
2019-09-08,7933,0.25,1,0,0,0,1,0,0,0,0
2019-09-15,2748,0.03,1,0,0,0,1,0,0,0,0
2019-09-22,7533,0.25,1,0,0,0,1,0,0,0,0
2019-09-29,6829,0.25,1,0,0,0,1,0,0,0,0
2019-10-06,2461,0.0,0,1,1,0,1,0,0,0,0
2019-10-13,40111,0.5,1,0,0,0,1,0,0,0,0
2019-10-20,7766,0.25,1,0,0,0,1,0,0,0,0
2019-10-27,7209,0.25,0,0,0,0,1,0,0,0,0
2019-11-03,2585,0.0,0,0,0,0,1,0,0,0,0
2019-11-10,2907,0.0,0,0,0,0,1,0,0,0,0
2019-11-17,3026,0.0,0,1,1,0,1,0,0,0,0
2019-11-24,39870,0.5,1,0,0,0,1,0,0,0,0
2019-12-01,7690,0.25,1,0,0,0,1,0,0,0,0
2019-12-08,7215,0.25,0,0,0,0,1,0,0,0,0
2019-12-15,2339,0.03,0,0,0,0,1,0,0,0,0
2019-12-22,2178,0.0,0,0,0,0,1,0,0,0,0
2019-12-29,1714,0.0,0,0,0,0,1,0,0,0,0
2020-01-05,2506,0.01,0,0,0,0,1,0,0,0,0
2020-01-12,2870,0.01,1,0,0,0,1,0,0,0,0
2020-01-19,7374,0.25,0,1,0,0,1,0,0,0,0
2020-01-26,30409,0.5,1,0,0,0,1,0,0,0,0
2020-02-02,5152,0.15,1,0,0,0,1,0,0,0,0
2020-02-09,6993,0.25,0,0,0,0,1,0,0,0,0
2020-02-16,2857,0.01,1,0,0,0,1,0,0,0,0
2020-02-23,9823,0.26,1,0,0,0,1,0,0,0,0
2020-03-01,9807,0.26,0,0,0,0,1,0,0,0,0
2020-03-08,3759,0.01,0,0,0,0,1,0,0,0,0
2020-03-15,5999,0.01,0,0,0,0,1,0,0,0,0
2020-03-22,5403,0.0,0,0,0,0,1,0,0,0,0
2020-03-29,4258,0.01,0,0,0,0,1,0,0,0,0
2020-04-05,3719,0.01,0,0,0,0,1,0,0,0,0
2020-04-12,2914,0.01,0,0,0,0,1,0,0,0,0
2020-04-19,3275,0.01,0,0,0,0,1,0,0,0,0
2020-04-26,3251,0.01,0,0,0,0,1,0,0,0,0
2020-05-03,3189,0.01,0,0,0,0,1,0,0,0,0
2020-05-10,3298,0.01,0,0,0,0,1,0,0,0,0
2020-05-17,3411,0.01,0,0,0,0,1,0,0,0,0
2020-05-24,3424,0.01,0,0,0,0,1,0,0,0,0
2020-05-31,3416,0.01,0,0,0,0,1,0,0,0,0
2020-06-07,3181,0.01,0,0,0,0,1,0,0,0,0
2020-06-14,3339,0.01,0,0,0,0,1,0,0,0,0
2020-06-21,3425,0.01,0,0,0,0,1,0,0,0,0
2020-06-28,3279,0.01,0,0,0,0,1,0,0,0,0
2017-02-05,39767,0.3,0,1,1,0,0,1,0,0,0
2017-02-12,49090,0.3,1,0,0,0,0,1,0,0,0
2017-02-19,41044,0.3,1,0,1,0,0,1,0,0,0
2017-02-26,53637,0.3,0,0,0,0,0,1,0,0,0
2017-03-05,13568,0.0,0,1,0,0,0,1,0,0,0
2017-03-12,48230,0.3,1,0,0,0,0,1,0,0,0
2017-03-19,47632,0.3,1,0,0,0,0,1,0,0,0
2017-03-26,52458,0.3,1,0,0,0,0,1,0,0,0
2017-04-02,48624,0.3,0,1,0,0,0,1,0,0,0
2017-04-09,58678,0.3,1,0,0,0,0,1,0,0,0
2017-04-16,31180,0.2,0,1,0,0,0,1,0,0,0
2017-04-23,39918,0.3,1,0,0,0,0,1,0,0,0
2017-04-30,28519,0.2,0,1,1,0,0,1,0,0,0
2017-05-07,212245,0.5,1,0,0,0,0,1,0,0,0
2017-05-14,46634,0.3,0,0,0,0,0,1,0,0,0
2017-05-21,15816,0.0,1,0,0,0,0,1,0,0,0
2017-05-28,50615,0.3,1,0,1,0,0,1,0,0,0
2017-06-04,55744,0.3,0,1,1,0,0,1,0,0,0
2017-06-11,248373,0.5,1,0,1,0,0,1,0,0,0
2017-06-18,56218,0.3,0,1,1,0,0,1,0,0,0
2017-06-25,88330,0.4,1,0,1,0,0,1,0,0,0
2017-07-02,21719,0.02,0,1,1,0,0,1,0,0,0
2017-07-09,66602,0.3,1,0,1,0,0,1,0,0,0
2017-07-16,37996,0.2,1,0,1,0,0,1,0,0,0
2017-07-23,60173,0.3,1,0,1,0,0,1,0,0,0
2017-07-30,18827,0.0,1,0,0,0,0,1,0,0,0
2017-08-06,52917,0.3,1,0,1,0,0,1,0,0,0
2017-08-13,19315,0.0,1,0,1,0,0,1,0,0,0
2017-08-20,57361,0.3,0,1,1,0,0,1,0,0,0
2017-08-27,236242,0.5,1,0,1,0,0,1,0,0,0
2017-09-03,55091,0.3,1,0,1,0,0,1,0,0,0
2017-09-10,64818,0.3,1,0,1,0,0,1,0,0,0
2017-09-17,63731,0.4,0,1,1,0,0,1,0,0,0
2017-09-24,72851,0.4,1,0,1,0,0,1,0,0,0
2017-10-01,18797,0.02,1,0,1,0,0,1,0,0,0
2017-10-08,52132,0.3,1,0,1,0,0,1,0,0,0
2017-10-15,31259,0.2,0,1,1,0,0,1,0,0,0
2017-10-22,49891,0.3,1,0,1,0,0,1,0,0,0
2017-10-29,16354,0.02,0,1,1,0,0,1,0,0,0
2017-11-05,212947,0.5,1,0,1,0,0,1,0,0,0
2017-11-12,47367,0.3,1,0,1,0,0,1,0,0,0
2017-11-19,29788,0.2,1,0,1,0,0,1,0,0,0
2017-11-26,43078,0.3,0,1,1,0,0,1,0,0,0
2017-12-03,62176,0.4,1,0,1,0,0,1,0,0,0
2017-12-10,15098,0.0,1,0,1,0,0,1,0,0,0
2017-12-17,46362,0.3,1,0,0,0,0,1,0,0,0
2017-12-24,40244,0.3,1,0,1,0,0,1,0,0,0
2017-12-31,10970,0.0,1,0,0,0,0,1,0,0,0
2018-01-07,57707,0.4,1,0,1,0,0,1,0,0,0
2018-01-14,13001,0.02,0,1,0,0,0,1,0,0,0
2018-01-21,60844,0.4,1,0,1,0,0,1,0,0,0
2018-01-28,14766,0.0,1,0,0,0,0,1,0,0,0
2018-02-04,66821,0.4,1,0,1,0,0,1,0,0,0
2018-02-11,14822,0.0,0,1,1,0,0,1,0,0,0
2018-02-18,65917,0.4,1,0,0,0,0,1,0,0,0
2018-02-25,72768,0.4,1,0,1,0,0,1,0,0,0
2018-03-04,15242,0.0,0,1,0,0,0,1,0,0,0
2018-03-11,77546,0.4,1,0,1,0,0,1,0,0,0
2018-03-18,15914,0.0,0,1,0,0,0,1,0,0,0
2018-03-25,81070,0.4,1,0,1,0,0,1,0,0,0
2018-04-01,16298,0.02,1,0,0,0,0,1,0,0,0
2018-04-08,63779,0.4,1,0,1,0,0,1,0,0,0
2018-04-15,15593,0.0,1,0,0,0,0,1,0,0,0
2018-04-22,91541,0.4,1,0,1,0,0,1,0,0,0
2018-04-29,41716,0.2,0,1,0,0,0,1,0,0,0
2018-05-06,85960,0.4,1,0,0,0,0,1,0,0,0
2018-05-13,73443,0.4,1,0,1,0,0,1,0,0,0
2018-05-20,81236,0.4,1,0,1,0,0,1,0,0,0
2018-05-27,20184,0.0,1,0,1,0,0,1,0,0,0
2018-06-03,43483,0.2,0,1,1,0,0,1,0,0,0
2018-06-10,288322,0.5,1,0,1,0,0,1,0,0,0
2018-06-17,44670,0.22,1,0,1,0,0,1,0,0,0
2018-06-24,83798,0.4,1,0,1,0,0,1,0,0,0
2018-07-01,45241,0.2,0,1,1,0,0,1,0,0,0
2018-07-08,98300,0.4,1,0,1,0,0,1,0,0,0
2018-07-15,24771,0.0,0,1,0,0,0,1,0,0,0
2018-07-22,77644,0.4,1,0,1,0,0,1,0,0,0
2018-07-29,21768,0.0,1,0,0,0,0,1,0,0,0
2018-08-05,43217,0.2,1,0,1,0,0,1,0,0,0
2018-08-12,21318,0.0,0,1,1,0,0,1,0,0,0
2018-08-19,94025,0.4,1,0,1,0,0,1,0,0,0
2018-08-26,19395,0.0,1,0,0,0,0,1,0,0,0
2018-09-02,84724,0.4,1,0,1,0,0,1,0,0,0
2018-09-09,17903,0.0,1,0,0,0,0,1,0,0,0
2018-09-16,83294,0.4,1,0,1,0,0,1,0,0,0
2018-09-23,69874,0.4,0,1,1,0,0,1,0,0,0
2018-09-30,237462,0.5,1,0,1,0,0,1,0,0,0
2018-10-07,19806,0.04,0,1,0,0,0,1,0,0,0
2018-10-14,94028,0.4,1,0,1,0,0,1,0,0,0
2018-10-21,17859,0.0,0,1,1,0,0,1,0,0,0
2018-10-28,73225,0.4,1,0,1,0,0,1,0,0,0
2018-11-04,16559,0.0,0,1,0,0,0,1,0,0,0
2018-11-11,86341,0.4,1,0,1,0,0,1,0,0,0
2018-11-18,18175,0.02,0,1,0,0,0,1,0,0,0
2018-11-25,85834,0.4,1,0,1,0,0,1,0,0,0
2018-12-02,16673,0.02,1,0,1,0,0,1,0,0,0
2018-12-09,80303,0.4,1,0,1,0,0,1,0,0,0
2018-12-16,16228,0.02,1,0,1,0,0,1,0,0,0
2018-12-23,15567,0.0,1,0,0,0,0,1,0,0,0
2018-12-30,19818,0.2,0,1,0,0,0,1,0,0,0
2019-01-06,65120,0.42,1,0,1,0,0,1,0,0,0
2019-01-13,13910,0.0,0,1,0,0,0,1,0,0,0
2019-01-20,72688,0.4,1,0,1,0,0,1,0,0,0
2019-01-27,15378,0.0,0,1,0,0,0,1,0,0,0
2019-02-03,77331,0.4,1,0,1,0,0,1,0,0,0
2019-02-10,16284,0.03,1,0,1,0,0,1,0,0,0
2019-02-17,195088,0.5,1,0,1,0,0,1,0,0,0
2019-02-24,66726,0.4,0,1,1,0,0,1,0,0,0
2019-03-03,70897,0.4,1,0,1,0,0,1,0,0,0
2019-03-10,18959,0.07,0,1,1,0,0,1,0,0,0
2019-03-17,84789,0.4,1,0,1,0,0,1,0,0,0
2019-03-24,23297,0.22,0,1,0,0,0,1,0,0,0
2019-03-31,74574,0.4,1,0,1,0,0,1,0,0,0
2019-04-07,20603,0.23,0,1,0,0,0,1,0,0,0
2019-04-14,82925,0.45,1,0,1,0,0,1,0,0,0
2019-04-21,16258,0.09,0,1,1,0,0,1,0,0,0
2019-04-28,60819,0.4,1,0,1,0,0,1,0,0,0
2019-05-05,14847,0.21,0,1,0,0,0,1,0,0,0
2019-05-12,73917,0.43,1,0,1,0,0,1,0,0,0
2019-05-19,30770,0.38,0,1,0,0,0,1,0,0,0
2019-05-26,65796,0.49,1,0,0,0,0,1,0,0,0
2019-06-02,19708,0.3,0,1,0,0,0,1,0,0,0
2019-06-09,197503,0.55,1,0,0,0,0,1,0,0,0
2019-06-16,40396,0.43,0,1,0,0,0,1,0,0,0
2019-06-23,75058,0.45,1,0,1,0,0,1,0,0,0
2019-06-30,34350,0.35,1,0,1,0,0,1,0,0,0
2019-07-07,63367,0.41,1,0,1,0,0,1,0,0,0
2019-07-14,19698,0.33,0,1,0,0,0,1,0,0,0
2019-07-21,82028,0.48,1,0,1,0,0,1,0,0,0
2019-07-28,18589,0.33,0,1,1,0,0,1,0,0,0
2019-08-04,75642,0.51,1,0,1,0,0,1,0,0,0
2019-08-11,20287,0.33,0,1,1,0,0,1,0,0,0
2019-08-18,224723,0.52,1,0,1,0,0,1,0,0,0
2019-08-25,36190,0.22,0,1,0,0,0,1,0,0,0
2019-09-01,78848,0.51,1,0,1,0,0,1,0,0,0
2019-09-08,18947,0.33,1,0,0,0,0,1,0,0,0
2019-09-15,75687,0.45,1,0,1,0,0,1,0,0,0
2019-09-22,22404,0.34,0,1,1,0,0,1,0,0,0
2019-09-29,207356,0.54,1,0,1,0,0,1,0,0,0
2019-10-06,37198,0.32,0,1,1,0,0,1,0,0,0
2019-10-13,83295,0.22,1,0,1,0,0,1,0,0,0
2019-10-20,18549,0.04,0,1,0,0,0,1,0,0,0
2019-10-27,77885,0.23,1,0,1,0,0,1,0,0,0
2019-11-03,16769,0.04,0,1,1,0,0,1,0,0,0
2019-11-10,182891,0.49,1,0,1,0,0,1,0,0,0
2019-11-17,30944,0.14,0,1,0,0,0,1,0,0,0
2019-11-24,74345,0.22,1,0,1,0,0,1,0,0,0
2019-12-01,16864,0.04,0,1,1,0,0,1,0,0,0
2019-12-08,72108,0.35,1,0,1,0,0,1,0,0,0
2019-12-15,29325,0.2,1,0,1,0,0,1,0,0,0
2019-12-22,33126,0.13,1,0,0,0,0,1,0,0,0
2019-12-29,17979,0.2,0,1,0,0,0,1,0,0,0
2020-01-05,50536,0.5,1,0,1,0,0,1,0,0,0
2020-01-12,13672,0.36,0,1,0,0,0,1,0,0,0
2020-01-19,59700,0.8,1,0,1,0,0,1,0,0,0
2020-01-26,14278,0.67,0,1,1,0,0,1,0,0,0
2020-02-02,56120,0.8,1,0,1,0,0,1,0,0,0
2020-02-09,15286,0.67,0,1,1,0,0,1,0,0,0
2020-02-16,187548,0.51,1,0,1,0,0,1,0,0,0
2020-02-23,31172,0.74,0,1,0,0,0,1,0,0,0
2020-03-01,76759,0.8,1,0,1,0,0,1,0,0,0
2020-03-08,16311,0.67,0,1,0,0,0,1,0,0,0
2020-03-15,102770,0.48,1,0,1,0,0,1,0,0,0
2020-03-22,24862,0.67,0,0,0,0,0,1,0,0,0
2020-03-29,33476,0.67,1,0,1,0,0,1,0,0,0
2020-04-05,29350,0.67,0,1,0,0,0,1,0,0,0
2020-04-12,97959,0.8,1,0,0,0,0,1,0,0,0
2020-04-19,19116,0.68,0,1,1,0,0,1,0,0,0
2020-04-26,64671,0.77,1,0,0,0,0,1,0,0,0
2020-05-03,22217,0.67,0,0,0,0,0,1,0,0,0
2020-05-10,78949,0.8,0,0,0,0,0,1,0,0,0
2020-05-17,19161,0.67,0,0,0,0,0,1,0,0,0
2020-05-24,66290,0.8,0,0,0,0,0,1,0,0,0
2020-05-31,19726,0.67,1,0,1,0,0,1,0,0,0
2020-06-07,75510,0.8,1,0,1,0,0,1,0,0,0
2020-06-14,20278,0.67,1,0,1,0,0,1,0,0,0
2020-06-21,79090,0.8,1,0,1,0,0,1,0,0,0
2020-06-28,23331,0.67,1,0,0,0,0,1,0,0,0
2017-02-05,12835,0.3,0,1,1,0,0,0,1,0,0
2017-02-12,15705,0.3,1,0,0,0,0,0,1,0,0
2017-02-19,13382,0.3,1,0,1,0,0,0,1,0,0
2017-02-26,15709,0.3,0,0,0,0,0,0,1,0,0
2017-03-05,3729,0.0,0,1,0,0,0,0,1,0,0
2017-03-12,15061,0.3,1,0,0,0,0,0,1,0,0
2017-03-19,15759,0.3,1,0,0,0,0,0,1,0,0
2017-03-26,15479,0.3,1,0,0,0,0,0,1,0,0
2017-04-02,16003,0.3,0,1,0,0,0,0,1,0,0
2017-04-09,19455,0.3,1,0,0,0,0,0,1,0,0
2017-04-16,9445,0.2,0,1,0,0,0,0,1,0,0
2017-04-23,12697,0.3,1,0,0,0,0,0,1,0,0
2017-04-30,8735,0.2,0,1,1,0,0,0,1,0,0
2017-05-07,65464,0.5,1,0,0,0,0,0,1,0,0
2017-05-14,14559,0.32,0,0,0,0,0,0,1,0,0
2017-05-21,4400,0.02,1,0,0,0,0,0,1,0,0
2017-05-28,16004,0.3,1,0,1,0,0,0,1,0,0
2017-06-04,15932,0.3,0,1,1,0,0,0,1,0,0
2017-06-11,63256,0.5,1,0,1,0,0,0,1,0,0
2017-06-18,16824,0.32,0,1,1,0,0,0,1,0,0
2017-06-25,26316,0.4,1,0,1,0,0,0,1,0,0
2017-07-02,5426,0.02,0,1,1,0,0,0,1,0,0
2017-07-09,19411,0.3,1,0,1,0,0,0,1,0,0
2017-07-16,11807,0.2,1,0,1,0,0,0,1,0,0
2017-07-23,21089,0.3,1,0,1,0,0,0,1,0,0
2017-07-30,5487,0.0,1,0,0,0,0,0,1,0,0
2017-08-06,17564,0.3,1,0,1,0,0,0,1,0,0
2017-08-13,5497,0.0,1,0,1,0,0,0,1,0,0
2017-08-20,18434,0.3,0,1,1,0,0,0,1,0,0
2017-08-27,75377,0.5,1,0,1,0,0,0,1,0,0
2017-09-03,16756,0.32,1,0,1,0,0,0,1,0,0
2017-09-10,17340,0.3,1,0,1,0,0,0,1,0,0
2017-09-17,20945,0.4,0,1,1,0,0,0,1,0,0
2017-09-24,24469,0.4,1,0,1,0,0,0,1,0,0
2017-10-01,5640,0.02,1,0,1,0,0,0,1,0,0
2017-10-08,16773,0.3,1,0,1,0,0,0,1,0,0
2017-10-15,10420,0.2,0,1,1,0,0,0,1,0,0
2017-10-22,16777,0.3,1,0,1,0,0,0,1,0,0
2017-10-29,4725,0.02,0,1,1,0,0,0,1,0,0
2017-11-05,69467,0.5,1,0,1,0,0,0,1,0,0
2017-11-12,15498,0.32,1,0,1,0,0,0,1,0,0
2017-11-19,8994,0.2,1,0,1,0,0,0,1,0,0
2017-11-26,14023,0.3,0,1,1,0,0,0,1,0,0
2017-12-03,20914,0.4,1,0,1,0,0,0,1,0,0
2017-12-10,4248,0.0,1,0,1,0,0,0,1,0,0
2017-12-17,13159,0.3,1,0,0,0,0,0,1,0,0
2017-12-24,10487,0.3,1,0,1,0,0,0,1,0,0
2017-12-31,2960,0.0,1,0,0,0,0,0,1,0,0
2018-01-07,18647,0.4,1,0,1,0,0,0,1,0,0
2018-01-14,3583,0.02,0,1,0,0,0,0,1,0,0
2018-01-21,19773,0.4,1,0,1,0,0,0,1,0,0
2018-01-28,4057,0.0,1,0,0,0,0,0,1,0,0
2018-02-04,21229,0.4,1,0,1,0,0,0,1,0,0
2018-02-11,4306,0.0,0,1,1,0,0,0,1,0,0
2018-02-18,21451,0.4,1,0,0,0,0,0,1,0,0
2018-02-25,22091,0.4,1,0,1,0,0,0,1,0,0
2018-03-04,4422,0.02,0,1,0,0,0,0,1,0,0
2018-03-11,24597,0.4,1,0,1,0,0,0,1,0,0
2018-03-18,4604,0.02,0,1,0,0,0,0,1,0,0
2018-03-25,25200,0.4,1,0,1,0,0,0,1,0,0
2018-04-01,4140,0.02,1,0,0,0,0,0,1,0,0
2018-04-08,19161,0.4,1,0,1,0,0,0,1,0,0
2018-04-15,3754,0.02,1,0,0,0,0,0,1,0,0
2018-04-22,24056,0.4,1,0,1,0,0,0,1,0,0
2018-04-29,10289,0.2,0,1,0,0,0,0,1,0,0
2018-05-06,25115,0.4,1,0,0,0,0,0,1,0,0
2018-05-13,24208,0.4,1,0,1,0,0,0,1,0,0
2018-05-20,24612,0.4,1,0,1,0,0,0,1,0,0
2018-05-27,4970,0.02,1,0,1,0,0,0,1,0,0
2018-06-03,12454,0.2,0,1,1,0,0,0,1,0,0
2018-06-10,72261,0.5,1,0,1,0,0,0,1,0,0
2018-06-17,12202,0.22,1,0,1,0,0,0,1,0,0
2018-06-24,24918,0.4,1,0,1,0,0,0,1,0,0
2018-07-01,12293,0.2,0,1,1,0,0,0,1,0,0
2018-07-08,28282,0.4,1,0,1,0,0,0,1,0,0
2018-07-15,6117,0.0,0,1,0,0,0,0,1,0,0
2018-07-22,20461,0.4,1,0,1,0,0,0,1,0,0
2018-07-29,5392,0.02,1,0,0,0,0,0,1,0,0
2018-08-05,12400,0.2,1,0,1,0,0,0,1,0,0
2018-08-12,5043,0.02,0,1,1,0,0,0,1,0,0
2018-08-19,25732,0.4,1,0,1,0,0,0,1,0,0
2018-08-26,5086,0.02,1,0,0,0,0,0,1,0,0
2018-09-02,23667,0.4,1,0,1,0,0,0,1,0,0
2018-09-09,4753,0.02,1,0,0,0,0,0,1,0,0
2018-09-16,22977,0.4,1,0,1,0,0,0,1,0,0
2018-09-23,20826,0.4,0,1,1,0,0,0,1,0,0
2018-09-30,66114,0.5,1,0,1,0,0,0,1,0,0
2018-10-07,5293,0.1,0,1,0,0,0,0,1,0,0
2018-10-14,25266,0.4,1,0,1,0,0,0,1,0,0
2018-10-21,4596,0.02,0,1,1,0,0,0,1,0,0
2018-10-28,22940,0.4,1,0,1,0,0,0,1,0,0
2018-11-04,4039,0.02,0,1,0,0,0,0,1,0,0
2018-11-11,22262,0.4,1,0,1,0,0,0,1,0,0
2018-11-18,4081,0.02,0,1,0,0,0,0,1,0,0
2018-11-25,23852,0.4,1,0,1,0,0,0,1,0,0
2018-12-02,3719,0.02,1,0,1,0,0,0,1,0,0
2018-12-09,19795,0.4,1,0,1,0,0,0,1,0,0
2018-12-16,3759,0.02,1,0,1,0,0,0,1,0,0
2018-12-23,3332,0.0,1,0,0,0,0,0,1,0,0
2018-12-30,5042,0.2,0,1,0,0,0,0,1,0,0
2019-01-06,16712,0.42,1,0,1,0,0,0,1,0,0
2019-01-13,3133,0.02,0,1,0,0,0,0,1,0,0
2019-01-20,17667,0.4,1,0,1,0,0,0,1,0,0
2019-01-27,3308,0.02,0,1,0,0,0,0,1,0,0
2019-02-03,19564,0.4,1,0,1,0,0,0,1,0,0
2019-02-10,3789,0.03,1,0,1,0,0,0,1,0,0
2019-02-17,63842,0.5,1,0,1,0,0,0,1,0,0
2019-02-24,19642,0.4,0,1,1,0,0,0,1,0,0
2019-03-03,22114,0.4,1,0,1,0,0,0,1,0,0
2019-03-10,5266,0.08,0,1,1,0,0,0,1,0,0
2019-03-17,27690,0.4,1,0,1,0,0,0,1,0,0
2019-03-24,7666,0.24,0,1,0,0,0,0,1,0,0
2019-03-31,23530,0.4,1,0,1,0,0,0,1,0,0
2019-04-07,6276,0.23,0,1,0,0,0,0,1,0,0
2019-04-14,25614,0.45,1,0,1,0,0,0,1,0,0
2019-04-21,4240,0.07,0,1,1,0,0,0,1,0,0
2019-04-28,18035,0.4,1,0,1,0,0,0,1,0,0
2019-05-05,4415,0.22,0,1,0,0,0,0,1,0,0
2019-05-12,20849,0.42,1,0,1,0,0,0,1,0,0
2019-05-19,9098,0.38,0,1,0,0,0,0,1,0,0
2019-05-26,17578,0.48,1,0,0,0,0,0,1,0,0
2019-06-02,5012,0.36,0,1,0,0,0,0,1,0,0
2019-06-09,59637,0.54,1,0,0,0,0,0,1,0,0
2019-06-16,11764,0.43,0,1,0,0,0,0,1,0,0
2019-06-23,19576,0.47,1,0,1,0,0,0,1,0,0
2019-06-30,9155,0.38,1,0,1,0,0,0,1,0,0
2019-07-07,17401,0.45,1,0,1,0,0,0,1,0,0
2019-07-14,4844,0.32,0,1,0,0,0,0,1,0,0
2019-07-21,22481,0.46,1,0,1,0,0,0,1,0,0
2019-07-28,4825,0.22,0,1,1,0,0,0,1,0,0
2019-08-04,21721,0.47,1,0,1,0,0,0,1,0,0
2019-08-11,5374,0.25,0,1,1,0,0,0,1,0,0
2019-08-18,64115,0.55,1,0,1,0,0,0,1,0,0
2019-08-25,9409,0.42,0,1,0,0,0,0,1,0,0
2019-09-01,19481,0.48,1,0,1,0,0,0,1,0,0
2019-09-08,4385,0.34,1,0,0,0,0,0,1,0,0
2019-09-15,17385,0.38,1,0,1,0,0,0,1,0,0
2019-09-22,5100,0.34,0,1,1,0,0,0,1,0,0
2019-09-29,56430,0.49,1,0,1,0,0,0,1,0,0
2019-10-06,9544,0.42,0,1,1,0,0,0,1,0,0
2019-10-13,21822,0.37,1,0,1,0,0,0,1,0,0
2019-10-20,4550,0.2,0,1,0,0,0,0,1,0,0
2019-10-27,21013,0.53,1,0,1,0,0,0,1,0,0
2019-11-03,4254,0.34,0,1,1,0,0,0,1,0,0
2019-11-10,54996,0.43,1,0,1,0,0,0,1,0,0
2019-11-17,8645,0.24,0,1,0,0,0,0,1,0,0
2019-11-24,19749,0.22,1,0,1,0,0,0,1,0,0
2019-12-01,4056,0.08,0,1,1,0,0,0,1,0,0
2019-12-08,20011,0.32,1,0,1,0,0,0,1,0,0
2019-12-15,8178,0.12,1,0,1,0,0,0,1,0,0
2019-12-22,9285,0.2,1,0,0,0,0,0,1,0,0
2019-12-29,5153,0.2,0,1,0,0,0,0,1,0,0
2020-01-05,16152,0.22,1,0,1,0,0,0,1,0,0
2020-01-12,3792,0.05,0,1,0,0,0,0,1,0,0
2020-01-19,19561,0.7,1,0,1,0,0,0,1,0,0
2020-01-26,3721,0.51,0,1,1,0,0,0,1,0,0
2020-02-02,18078,0.37,1,0,1,0,0,0,1,0,0
2020-02-09,4218,0.51,0,1,1,0,0,0,1,0,0
2020-02-16,58091,0.27,1,0,1,0,0,0,1,0,0
2020-02-23,8486,0.62,0,1,0,0,0,0,1,0,0
2020-03-01,21180,0.51,1,0,1,0,0,0,1,0,0
2020-03-08,4306,0.51,0,1,0,0,0,0,1,0,0
2020-03-15,32133,0.7,1,0,1,0,0,0,1,0,0
2020-03-22,6538,0.51,0,0,0,0,0,0,1,0,0
2020-03-29,9592,0.5,1,0,1,0,0,0,1,0,0
2020-04-05,8224,0.5,0,1,0,0,0,0,1,0,0
2020-04-12,26823,0.7,1,0,0,0,0,0,1,0,0
2020-04-19,5342,0.52,0,1,1,0,0,0,1,0,0
2020-04-26,20558,0.65,1,0,0,0,0,0,1,0,0
2020-05-03,6665,0.51,0,0,0,0,0,0,1,0,0
2020-05-10,26698,0.7,0,0,0,0,0,0,1,0,0
2020-05-17,6215,0.52,0,0,0,0,0,0,1,0,0
2020-05-24,23484,0.7,0,0,0,0,0,0,1,0,0
2020-05-31,6262,0.51,1,0,1,0,0,0,1,0,0
2020-06-07,27221,0.7,1,0,1,0,0,0,1,0,0
2020-06-14,6878,0.51,1,0,1,0,0,0,1,0,0
2020-06-21,29993,0.7,1,0,1,0,0,0,1,0,0
2020-06-28,7661,0.51,1,0,0,0,0,0,1,0,0
2017-02-05,5229,0.0,0,0,0,0,0,0,0,1,0
2017-02-12,5748,0.0,1,0,0,0,0,0,0,1,0
2017-02-19,20536,0.38,0,0,0,0,0,0,0,1,0
2017-02-26,5928,0.0,1,0,0,0,0,0,0,1,0
2017-03-05,21787,0.38,0,0,0,0,0,0,0,1,0
2017-03-12,5952,0.0,0,0,0,0,0,0,0,1,0
2017-03-19,5994,0.0,1,0,0,0,0,0,0,1,0
2017-03-26,15317,0.25,0,0,0,0,0,0,0,1,0
2017-04-02,6194,0.0,0,0,0,0,0,0,0,1,0
2017-04-09,6467,0.0,0,0,0,0,0,0,0,1,0
2017-04-16,5740,0.0,0,1,1,0,0,0,0,1,0
2017-04-23,42344,0.5,1,0,0,0,0,0,0,1,0
2017-04-30,14974,0.25,0,0,0,0,0,0,0,1,0
2017-05-07,6174,0.0,0,1,1,0,0,0,0,1,0
2017-05-14,45348,0.5,1,0,0,0,0,0,0,1,0
2017-05-21,16178,0.25,0,0,0,0,0,0,0,1,0
2017-05-28,6856,0.0,0,0,0,0,0,0,0,1,0
2017-06-04,6716,0.0,1,0,0,0,0,0,0,1,0
2017-06-11,22959,0.38,0,0,0,0,0,0,0,1,0
2017-06-18,6927,0.0,0,1,0,0,0,0,0,1,0
2017-06-25,25870,0.38,0,0,0,0,0,0,0,1,0
2017-07-02,7285,0.0,0,1,1,0,0,0,0,1,0
2017-07-09,55905,0.5,1,0,0,0,0,0,0,1,0
2017-07-16,17012,0.25,0,0,0,0,0,0,0,1,0
2017-07-23,7485,0.0,0,0,0,0,0,0,0,1,0
2017-07-30,7519,0.0,0,1,0,0,0,0,0,1,0
2017-08-06,25361,0.38,0,0,0,0,0,0,0,1,0
2017-08-13,7462,0.0,0,1,1,0,0,0,0,1,0
2017-08-20,73114,0.5,1,0,0,0,0,0,0,1,0
2017-08-27,16280,0.25,0,0,0,0,0,0,0,1,0
2017-09-03,7209,0.0,1,0,0,0,0,0,0,1,0
2017-09-10,23030,0.38,0,0,0,0,0,0,0,1,0
2017-09-17,7000,0.03,0,1,1,0,0,0,0,1,0
2017-09-24,55567,0.5,1,0,0,0,0,0,0,1,0
2017-10-01,17914,0.25,0,0,0,0,0,0,0,1,0
2017-10-08,6830,0.0,0,1,0,0,0,0,0,1,0
2017-10-15,25641,0.38,1,0,0,0,0,0,0,1,0
2017-10-22,15565,0.25,0,1,0,0,0,0,0,1,0
2017-10-29,24714,0.38,0,0,0,0,0,0,0,1,0
2017-11-05,6935,0.0,0,1,1,0,0,0,0,1,0
2017-11-12,50485,0.5,1,0,0,0,0,0,0,1,0
2017-11-19,13982,0.25,0,0,0,0,0,0,0,1,0
2017-11-26,11140,0.25,1,0,0,0,0,0,0,1,0
2017-12-03,12363,0.25,0,1,0,0,0,0,0,1,0
2017-12-10,17940,0.38,1,0,0,0,0,0,0,1,0
2017-12-17,11647,0.25,1,0,0,0,0,0,0,1,0
2017-12-24,12059,0.25,0,0,0,0,0,0,0,1,0
2017-12-31,4298,0.0,1,0,1,0,0,0,0,1,0
2018-01-07,14637,0.25,0,0,0,0,0,0,0,1,0
2018-01-14,5294,0.0,0,1,0,0,0,0,0,1,0
2018-01-21,51114,0.5,1,0,0,0,0,0,0,1,0
2018-01-28,11520,0.25,0,0,0,0,0,0,0,1,0
2018-02-04,5389,0.0,0,1,0,0,0,0,0,1,0
2018-02-11,20916,0.43,0,0,0,0,0,0,0,1,0
2018-02-18,4965,0.0,0,0,0,0,0,0,0,1,0
2018-02-25,5256,0.0,1,0,0,0,0,0,0,1,0
2018-03-04,18282,0.38,0,0,0,0,0,0,0,1,0
2018-03-11,5285,0.03,0,0,0,0,0,0,0,1,0
2018-03-18,4832,0.0,1,0,0,0,0,0,0,1,0
2018-03-25,12206,0.25,0,0,0,0,0,0,0,1,0
2018-04-01,4562,0.0,0,0,0,0,0,0,0,1,0
2018-04-08,4226,0.0,0,0,0,0,0,0,0,1,0
2018-04-15,4993,0.0,0,0,0,0,0,0,0,1,0
2018-04-22,6608,0.0,0,1,1,0,0,0,0,1,0
2018-04-29,42963,0.5,1,0,0,0,0,0,0,1,0
2018-05-06,13215,0.25,1,0,0,0,0,0,0,1,0
2018-05-13,6442,0.0,1,0,0,0,0,0,0,1,0
2018-05-20,17038,0.25,0,0,0,0,0,0,0,1,0
2018-05-27,6759,0.0,0,1,1,0,0,0,0,1,0
2018-06-03,55160,0.5,1,0,0,0,0,0,0,1,0
2018-06-10,14319,0.28,0,0,0,0,0,0,0,1,0
2018-06-17,6693,0.0,0,0,0,0,0,0,0,1,0
2018-06-24,6789,0.0,0,1,1,0,0,0,0,1,0
2018-07-01,56275,0.5,0,1,0,0,0,0,0,1,0
2018-07-08,43611,0.5,1,0,0,0,0,0,0,1,0
2018-07-15,21242,0.38,1,0,0,0,0,0,0,1,0
2018-07-22,15810,0.25,1,0,0,0,0,0,0,1,0
2018-07-29,22544,0.38,1,0,0,0,0,0,0,1,0
2018-08-05,14761,0.25,0,0,0,0,0,0,0,1,0
2018-08-12,6716,0.0,0,0,0,0,0,0,0,1,0
2018-08-19,7212,0.0,0,1,1,0,0,0,0,1,0
2018-08-26,46909,0.5,1,0,0,0,0,0,0,1,0
2018-09-02,15599,0.25,0,1,1,0,0,0,0,1,0
2018-09-09,45838,0.5,1,0,0,0,0,0,0,1,0
2018-09-16,14169,0.25,1,0,0,0,0,0,0,1,0
2018-09-23,21634,0.38,0,0,0,0,0,0,0,1,0
2018-09-30,6973,0.0,0,1,0,0,0,0,0,1,0
2018-10-07,40051,0.5,1,0,0,0,0,0,0,1,0
2018-10-14,18984,0.38,1,0,0,0,0,0,0,1,0
2018-10-21,24517,0.38,1,0,0,0,0,0,0,1,0
2018-10-28,15187,0.38,0,0,0,0,0,0,0,1,0
2018-11-04,7449,0.13,1,0,0,0,0,0,0,1,0
2018-11-11,18669,0.38,0,0,0,0,0,0,0,1,0
2018-11-18,5863,0.0,1,0,0,0,0,0,0,1,0
2018-11-25,13225,0.25,0,0,0,0,0,0,0,1,0
2018-12-02,6095,0.0,0,1,0,0,0,0,0,1,0
2018-12-09,23690,0.38,1,0,0,0,0,0,0,1,0
2018-12-16,14226,0.25,1,0,0,0,0,0,0,1,0
2018-12-23,14616,0.25,1,0,0,0,0,0,0,1,0
2018-12-30,7890,0.25,0,0,0,0,0,0,0,1,0
2019-01-06,4889,0.0,0,0,0,0,0,0,0,1,0
2019-01-13,4934,0.0,1,0,0,0,0,0,0,1,0
2019-01-20,5241,0.0,1,0,0,0,0,0,0,1,0
2019-01-27,12323,0.25,0,0,0,0,0,0,0,1,0
2019-02-03,5251,0.03,1,0,0,0,0,0,0,1,0
2019-02-10,13048,0.25,0,0,0,0,0,0,0,1,0
2019-02-17,5421,0.03,1,0,1,0,0,0,0,1,0
2019-02-24,16020,0.38,0,0,0,0,0,0,0,1,0
2019-03-03,4829,0.0,1,0,0,0,0,0,0,1,0
2019-03-10,17449,0.38,0,0,0,0,0,0,0,1,0
2019-03-17,5738,0.0,1,0,0,0,0,0,0,1,0
2019-03-24,17134,0.38,0,0,0,0,0,0,0,1,0
2019-03-31,5365,0.0,0,0,0,0,0,0,0,1,0
2019-04-07,5523,0.0,1,0,0,0,0,0,0,1,0
2019-04-14,19294,0.38,0,0,0,0,0,0,0,1,0
2019-04-21,5007,0.03,1,0,0,0,0,0,0,1,0
2019-04-28,15324,0.38,0,0,0,0,0,0,0,1,0
2019-05-05,5504,0.03,0,1,0,0,0,0,0,1,0
2019-05-12,47061,0.5,1,0,0,0,0,0,0,1,0
2019-05-19,14292,0.25,0,0,0,0,0,0,0,1,0
2019-05-26,5687,0.0,1,0,0,0,0,0,0,1,0
2019-06-02,17663,0.38,0,1,1,0,0,0,0,1,0
2019-06-09,57064,0.5,1,0,1,0,0,0,0,1,0
2019-06-16,17809,0.38,0,0,0,0,0,0,0,1,0
2019-06-23,6203,0.03,0,1,0,0,0,0,0,1,0
2019-06-30,61658,0.5,0,1,0,0,0,0,0,1,0
2019-07-07,39035,0.5,1,0,0,0,0,0,0,1,0
2019-07-14,18790,0.38,0,0,0,0,0,0,0,1,0
2019-07-21,6622,0.0,1,0,0,0,0,0,0,1,0
2019-07-28,18827,0.38,1,0,0,0,0,0,0,1,0
2019-08-04,14597,0.25,0,1,1,0,0,0,0,1,0
2019-08-11,63644,0.5,1,0,0,0,0,0,0,1,0
2019-08-18,14461,0.25,0,0,0,0,0,0,0,1,0
2019-08-25,6393,0.0,0,0,0,0,0,0,0,1,0
2019-09-01,6739,0.0,0,0,0,0,0,0,0,1,0
2019-09-08,6009,0.0,0,1,0,0,0,0,0,1,0
2019-09-15,56807,0.5,1,0,0,0,0,0,0,1,0
2019-09-22,24271,0.38,1,0,0,0,0,0,0,1,0
2019-09-29,18570,0.38,0,0,0,0,0,0,0,1,0
2019-10-06,7913,0.0,0,1,1,0,0,0,0,1,0
2019-10-13,57496,0.5,0,0,0,0,0,0,0,1,0
2019-10-20,9007,0.05,1,0,0,0,0,0,0,1,0
2019-10-27,17524,0.38,0,1,1,0,0,0,0,1,0
2019-11-03,20191,0.38,1,0,0,0,0,0,0,1,0
2019-11-10,12292,0.25,0,0,0,0,0,0,0,1,0
2019-11-17,6453,0.0,1,0,0,0,0,0,0,1,0
2019-11-24,13577,0.25,0,0,0,0,0,0,0,1,0
2019-12-01,6516,0.0,1,0,0,0,0,0,0,1,0
2019-12-08,13941,0.25,0,0,0,0,0,0,0,1,0
2019-12-15,6751,0.0,1,0,0,0,0,0,0,1,0
2019-12-22,17296,0.25,1,0,0,0,0,0,0,1,0
2019-12-29,8011,0.25,1,0,0,0,0,0,0,1,0
2020-01-05,5482,0.05,0,0,0,0,0,0,0,1,0
2020-01-12,5396,0.0,0,0,0,0,0,0,0,1,0
2020-01-19,5579,0.0,0,0,0,0,0,0,0,1,0
2020-01-26,6020,0.0,1,0,1,0,0,0,0,1,0
2020-02-02,11446,0.25,1,0,0,0,0,0,0,1,0
2020-02-09,13686,0.25,0,0,0,0,0,0,0,1,0
2020-02-16,5999,0.01,0,0,0,0,0,0,0,1,0
2020-02-23,5666,0.0,0,0,0,0,0,0,0,1,0
2020-03-01,5719,0.01,0,0,0,0,0,0,0,1,0
2020-03-08,6201,0.0,0,0,0,0,0,0,0,1,0
2020-03-15,6808,0.01,1,0,0,0,0,0,0,1,0
2020-03-22,9327,0.25,0,0,0,0,0,0,0,1,0
2020-03-29,8379,0.01,1,0,0,0,0,0,0,1,0
2020-04-05,16928,0.25,0,1,0,0,0,0,0,1,0
2020-04-12,21732,0.38,0,0,0,0,0,0,0,1,0
2020-04-19,7098,0.03,0,0,0,0,0,0,0,1,0
2020-04-26,6955,0.01,1,0,1,0,0,0,0,1,0
2020-05-03,20491,0.38,0,0,0,0,0,0,0,1,0
2020-05-10,8974,0.02,0,0,0,0,0,0,0,1,0
2020-05-17,61753,0.5,0,0,0,0,0,0,0,1,0
2020-05-24,14153,0.27,0,0,0,0,0,0,0,1,0
2020-05-31,14048,0.26,0,0,0,0,0,0,0,1,0
2020-06-07,7903,0.01,1,0,0,0,0,0,0,1,0
2020-06-14,12949,0.26,0,0,0,0,0,0,0,1,0
2020-06-21,7074,0.01,1,0,0,0,0,0,0,1,0
2020-06-28,15787,0.26,1,0,0,0,0,0,0,1,0
2017-02-05,32138,0.28,0,0,0,0,0,0,0,0,1
2017-02-12,11659,0.05,0,0,0,0,0,0,0,0,1
2017-02-19,12140,0.05,1,0,1,0,0,0,0,0,1
2017-02-26,29635,0.28,0,0,0,0,0,0,0,0,1
2017-03-05,11666,0.05,0,1,1,0,0,0,0,0,1
2017-03-12,118504,0.53,1,0,1,0,0,0,0,0,1
2017-03-19,32530,0.3,1,0,1,0,0,0,0,0,1
2017-03-26,28821,0.28,0,0,0,0,0,0,0,0,1
2017-04-02,11595,0.05,0,1,0,0,0,0,0,0,1
2017-04-09,29675,0.28,0,0,0,0,0,0,0,0,1
2017-04-16,9508,0.05,0,1,0,0,0,0,0,0,1
2017-04-23,21203,0.28,0,1,1,0,0,0,0,0,1
2017-04-30,27228,0.28,1,0,0,0,0,0,0,0,1
2017-05-07,28788,0.28,1,0,1,0,0,0,0,0,1
2017-05-14,29511,0.28,0,1,0,0,0,0,0,0,1
2017-05-21,32898,0.28,1,0,1,0,0,0,0,0,1
2017-05-28,28847,0.28,0,1,1,0,0,0,0,0,1
2017-06-04,142953,0.53,1,0,1,0,0,0,0,0,1
2017-06-11,27682,0.3,0,0,0,0,0,0,0,0,1
2017-06-18,12779,0.05,1,0,1,0,0,0,0,0,1
2017-06-25,31805,0.28,0,1,1,0,0,0,0,0,1
2017-07-02,131072,0.53,1,0,1,0,0,0,0,0,1
2017-07-09,29081,0.28,0,1,1,0,0,0,0,0,1
2017-07-16,37630,0.28,1,0,1,0,0,0,0,0,1
2017-07-23,30212,0.28,1,0,1,0,0,0,0,0,1
2017-07-30,33159,0.28,0,1,1,0,0,0,0,0,1
2017-08-06,118276,0.53,1,0,1,0,0,0,0,0,1
2017-08-13,33809,0.28,0,1,1,0,0,0,0,0,1
2017-08-20,47551,0.38,1,0,1,0,0,0,0,0,1
2017-08-27,33724,0.28,0,0,0,0,0,0,0,0,1
2017-09-03,15134,0.05,0,0,0,0,0,0,0,0,1
2017-09-10,14540,0.05,1,0,0,0,0,0,0,0,1
2017-09-17,36254,0.28,0,1,1,0,0,0,0,0,1
2017-09-24,129254,0.53,0,0,0,0,0,0,0,0,1
2017-10-01,14692,0.09,1,0,0,0,0,0,0,0,1
2017-10-08,44595,0.38,1,0,0,0,0,0,0,0,1
2017-10-15,42541,0.28,0,1,1,0,0,0,0,0,1
2017-10-22,154098,0.53,0,1,1,0,0,0,0,0,1
2017-10-29,241114,0.53,1,0,0,0,0,0,0,0,1
2017-11-05,34976,0.28,1,0,1,0,0,0,0,0,1
2017-11-12,42047,0.38,1,0,1,0,0,0,0,0,1
2017-11-19,32668,0.28,0,1,0,0,0,0,0,0,1
2017-11-26,44779,0.38,1,0,1,0,0,0,0,0,1
2017-12-03,42982,0.38,1,0,0,0,0,0,0,0,1
2017-12-10,41175,0.28,0,0,0,0,0,0,0,0,1
2017-12-17,14744,0.07,0,0,0,0,0,0,0,0,1
2017-12-24,13862,0.05,1,0,1,0,0,0,0,0,1
2017-12-31,19735,0.28,0,0,0,0,0,0,0,0,1
2018-01-07,9047,0.07,0,1,0,0,0,0,0,0,1
2018-01-14,38639,0.38,0,0,0,0,0,0,0,0,1
2018-01-21,10629,0.07,1,0,1,0,0,0,0,0,1
2018-01-28,41994,0.38,0,0,0,0,0,0,0,0,1
2018-02-04,12099,0.07,1,0,1,0,0,0,0,0,1
2018-02-11,38384,0.38,0,0,0,0,0,0,0,0,1
2018-02-18,11298,0.05,0,0,0,0,0,0,0,0,1
2018-02-25,12358,0.05,1,0,1,0,0,0,0,0,1
2018-03-04,35011,0.38,0,1,1,0,0,0,0,0,1
2018-03-11,110490,0.53,1,0,1,0,0,0,0,0,1
2018-03-18,34761,0.38,0,0,0,0,0,0,0,0,1
2018-03-25,11969,0.05,1,0,1,0,0,0,0,0,1
2018-04-01,26184,0.38,0,0,0,0,0,0,0,0,1
2018-04-08,8121,0.05,1,0,1,0,0,0,0,0,1
2018-04-15,31617,0.38,0,0,0,0,0,0,0,0,1
2018-04-22,11202,0.05,1,0,1,0,0,0,0,0,1
2018-04-29,32640,0.38,1,0,0,0,0,0,0,0,1
2018-05-06,11884,0.07,1,0,0,0,0,0,0,0,1
2018-05-13,12072,0.05,0,1,0,0,0,0,0,0,1
2018-05-20,43299,0.38,1,0,0,0,0,0,0,0,1
2018-05-27,44324,0.38,0,1,1,0,0,0,0,0,1
2018-06-03,128647,0.53,1,0,0,0,0,0,0,0,1
2018-06-10,34861,0.3,1,0,0,0,0,0,0,0,1
2018-06-17,38287,0.38,0,0,0,0,0,0,0,0,1
2018-06-24,14182,0.07,1,0,0,0,0,0,0,0,1
2018-07-01,45147,0.38,0,0,0,0,0,0,0,0,1
2018-07-08,14632,0.05,0,1,1,0,0,0,0,0,1
2018-07-15,107913,0.53,1,0,1,0,0,0,0,0,1
2018-07-22,31895,0.3,1,0,1,0,0,0,0,0,1
2018-07-29,39265,0.38,0,0,0,0,0,0,0,0,1
2018-08-05,15446,0.05,0,1,0,0,0,0,0,0,1
2018-08-12,46285,0.38,0,0,0,0,0,0,0,0,1
2018-08-19,15026,0.05,1,0,1,0,0,0,0,0,1
2018-08-26,41251,0.38,0,0,0,0,0,0,0,0,1
2018-09-02,13210,0.05,0,1,0,0,0,0,0,0,1
2018-09-09,41151,0.38,0,0,0,0,0,0,0,0,1
2018-09-16,14818,0.07,0,1,1,0,0,0,0,0,1
2018-09-23,127468,0.53,1,0,1,0,0,0,0,0,1
2018-09-30,27569,0.3,1,0,0,0,0,0,0,0,1
2018-10-07,51275,0.38,1,0,0,0,0,0,0,0,1
2018-10-14,44702,0.28,0,1,0,0,0,0,0,0,1
2018-10-21,140995,0.53,1,0,0,0,0,0,0,0,1
2018-10-28,181833,0.53,1,0,1,0,0,0,0,0,1
2018-11-04,105995,0.48,1,0,1,0,0,0,0,0,1
2018-11-11,25456,0.28,0,1,0,0,0,0,0,0,1
2018-11-18,40660,0.38,1,0,1,0,0,0,0,0,1
2018-11-25,25478,0.28,0,1,1,0,0,0,0,0,1
2018-12-02,39116,0.38,0,0,0,0,0,0,0,0,1
2018-12-09,12783,0.07,0,1,0,0,0,0,0,0,1
2018-12-16,38557,0.38,0,1,0,0,0,0,0,0,1
2018-12-23,33821,0.38,0,1,0,0,0,0,0,0,1
2018-12-30,7158,0.13,0,0,0,0,0,0,0,0,1
2019-01-06,7148,0.07,0,1,1,0,0,0,0,0,1
2019-01-13,26272,0.38,0,0,0,0,0,0,0,0,1
2019-01-20,8741,0.07,0,1,0,0,0,0,0,0,1
2019-01-27,32245,0.38,0,0,0,0,0,0,0,0,1
2019-02-03,10101,0.07,0,1,0,0,0,0,0,0,1
2019-02-10,37295,0.38,0,0,0,0,0,0,0,0,1
2019-02-17,11422,0.07,1,0,1,0,0,0,0,0,1
2019-02-24,20031,0.28,0,0,0,0,0,0,0,0,1
2019-03-03,9715,0.05,1,0,1,0,0,0,0,0,1
2019-03-10,21482,0.28,0,0,0,0,0,0,0,0,1
2019-03-17,10329,0.05,0,1,1,0,0,0,0,0,1
2019-03-24,112451,0.53,1,0,1,0,0,0,0,0,1
2019-03-31,23003,0.3,1,0,0,0,0,0,0,0,1
2019-04-07,33932,0.38,0,0,0,0,0,0,0,0,1
2019-04-14,8850,0.07,1,0,1,0,0,0,0,0,1
2019-04-21,19724,0.38,0,0,0,0,0,0,0,0,1
2019-04-28,6545,0.07,1,0,1,0,0,0,0,0,1
2019-05-05,21279,0.38,0,0,0,0,0,0,0,0,1
2019-05-12,9373,0.05,0,1,1,0,0,0,0,0,1
2019-05-19,86119,0.53,1,0,1,0,0,0,0,0,1
2019-05-26,27378,0.4,0,1,1,0,0,0,0,0,1
2019-06-02,34735,0.38,0,0,0,0,0,0,0,0,1
2019-06-09,10571,0.07,1,0,1,0,0,0,0,0,1
2019-06-16,26709,0.38,1,0,1,0,0,0,0,0,1
2019-06-23,24578,0.28,0,1,0,0,0,0,0,0,1
2019-06-30,38589,0.38,0,0,0,0,0,0,0,0,1
2019-07-07,11271,0.07,0,1,0,0,0,0,0,0,1
2019-07-14,103831,0.53,1,0,1,0,0,0,0,0,1
2019-07-21,26567,0.3,0,1,0,0,0,0,0,0,1
2019-07-28,37663,0.38,1,0,0,0,0,0,0,0,1
2019-08-04,13397,0.05,0,1,1,0,0,0,0,0,1
2019-08-11,40295,0.38,1,0,0,0,0,0,0,0,1
2019-08-18,13056,0.05,1,0,0,0,0,0,0,0,1
2019-08-25,36294,0.38,0,0,0,0,0,0,0,0,1
2019-09-01,12320,0.07,0,1,0,0,0,0,0,0,1
2019-09-08,42182,0.38,0,0,0,0,0,0,0,0,1
2019-09-15,12848,0.07,0,1,1,0,0,0,0,0,1
2019-09-22,103617,0.53,1,0,1,0,0,0,0,0,1
2019-09-29,23973,0.3,0,1,0,0,0,0,0,0,1
2019-10-06,39082,0.38,1,0,0,0,0,0,0,0,1
2019-10-13,50881,0.38,0,1,0,0,0,0,0,0,1
2019-10-20,138789,0.53,0,1,0,0,0,0,0,0,1
2019-10-27,143887,0.53,0,1,1,0,0,0,0,0,1
2019-11-03,163536,0.53,1,0,1,0,0,0,0,0,1
2019-11-10,29842,0.28,1,0,1,0,0,0,0,0,1
2019-11-17,36323,0.38,0,0,0,0,0,0,0,0,1
2019-11-24,26587,0.28,0,1,0,0,0,0,0,0,1
2019-12-01,40726,0.38,0,0,0,0,0,0,0,0,1
2019-12-08,13056,0.07,0,0,0,0,0,0,0,0,1
2019-12-15,14398,0.05,0,0,0,0,0,0,0,0,1
2019-12-22,16213,0.05,0,0,0,0,0,0,0,0,1
2019-12-29,6067,0.05,0,0,0,0,0,0,0,0,1
2020-01-05,7314,0.53,1,0,1,0,0,0,0,0,1
2020-01-12,27657,0.69,0,0,0,0,0,0,0,0,1
2020-01-19,9984,0.53,1,0,1,0,0,0,0,0,1
2020-01-26,30336,0.69,0,0,0,0,0,0,0,0,1
2020-02-02,9831,0.54,1,0,1,0,0,0,0,0,1
2020-02-09,32102,0.69,1,0,0,0,0,0,0,0,1
2020-02-16,10955,0.53,1,0,1,0,0,0,0,0,1
2020-02-23,24330,0.69,0,0,0,0,0,0,0,0,1
2020-03-01,9934,0.53,1,0,1,0,0,0,0,0,1
2020-03-08,24731,0.69,0,0,0,0,0,0,0,0,1
2020-03-15,11742,0.53,1,0,0,0,0,0,0,0,1
2020-03-22,20879,0.69,0,0,0,0,0,0,0,0,1
2020-03-29,11874,0.53,0,0,0,0,0,0,0,0,1
2020-04-05,9705,0.53,0,0,0,0,0,0,0,0,1
2020-04-12,6756,0.53,1,0,0,0,0,0,0,0,1
2020-04-19,16926,0.64,0,0,0,0,0,0,0,0,1
2020-04-26,7726,0.53,0,0,0,0,0,0,0,0,1
2020-05-03,8302,0.5,0,0,0,0,0,0,0,0,1
2020-05-10,7924,0.0,0,0,0,0,0,0,0,0,1
2020-05-17,63725,0.49,0,0,0,0,0,0,0,0,1
2020-05-24,23969,0.65,0,0,0,0,0,0,0,0,1
2020-05-31,29202,0.64,0,0,0,0,0,0,0,0,1
2020-06-07,11104,0.02,1,0,1,0,0,0,0,0,1
2020-06-14,24753,0.3,0,0,0,0,0,0,0,0,1
2020-06-21,11518,0.13,1,0,1,0,0,0,0,0,1
2020-06-28,29560,0.33,0,0,0,0,0,0,0,0,1
